y,x1,x2,x3,x4,x5,x6,x7,x8,x9,x10
3.296308133568531,1,NA,1.2331164785241708,0,NA,7.543836114928126,NA,2.8089045050786807,-0.7273150756955147,3.2457006009369658
1.6210545495080562,1,4.9333934262394905,2.70118093888741,0,NA,1.8414387572556734,NA,1.4403904110891745,NA,9.559518986682864
6.462167856853025,0,5.764766059815884,4.456684581651352,0,NA,6.702266389038414,NA,-0.07439311770256607,NA,-7.189595396910267
3.153762625326878,0,NA,1.2163419830333442,0,0.2425907701253891,0.15505488263443112,NA,4.6231045173853635,NA,5.658257658351937
1.5456280954178423,1,NA,1.2410105971759187,1,3.0301189348101616,4.233162924647331,NA,-0.7768149262759835,NA,5.467731484938543
4.17698787360508,1,NA,2.4352973637450486,1,NA,8.05019669001922,-4.592219576239586,1.5677068644948302,NA,1.3966615385005454
2.1031141629248737,0,NA,11.964436992080882,0,NA,9.678181994240731,-5.568425752222538,0.4452025816356764,NA,-12.721882709707852
-2.29813982420429,1,NA,2.675584396556951,1,3.9354985766112804,0.3592333593405783,NA,11.022716674259863,NA,11.079003367811136
1.2881275785166766,0,NA,11.909547509704716,1,NA,3.431882127188146,-6.289139002561569,0.4900396782159806,NA,-8.930809825777377
2.7616966960594262,0,NA,3.9339642129139976,1,NA,1.1141201411373913,NA,0.7791460190014914,-1.3560572639107704,11.335011543456925
6.168955888473414,1,NA,1.3478439223114402,1,NA,9.936834410764277,-7.81972973421216,6.1376157805044205,NA,-0.7150594449892509
3.7317848732193704,0,7.612023316323757,1.0872846805490552,1,NA,5.656228105071932,NA,8.01717432530597,NA,5.461352598977816
2.346112522269859,1,NA,2.396031813379377,0,0.8046809174120426,7.344806948676705,NA,0.13067047170829027,NA,3.479718564758463
3.79938165671902,1,NA,1.4161071410728618,0,NA,2.7425691997632384,NA,2.160117402067408,-1.7377663627266884,-6.905925134796154
4.292088508844774,1,5.139133408665657,7.569573173229583,0,NA,4.377845122944564,NA,0.33200844631064674,NA,-7.343487114622745
4.573684643896166,0,NA,10.218302374053746,0,2.4598084837198257,8.677704322617501,NA,0.9308983156085013,NA,9.124666006451296
3.094005902195043,1,NA,2.6724980274261907,1,0.07487302273511887,1.9686654931865633,NA,8.428247582530602,NA,-0.04932494518915917
2.38369386609763,1,6.8160893097519875,2.1062929151719434,0,NA,1.350459479726851,NA,0.1104781885212287,NA,16.739050547267013
6.221027531323965,0,6.756984885782003,8.430731026236899,0,NA,3.196946862153709,NA,-0.2976142221596092,NA,-3.7322539450195382
0.50518181802643225,1,NA,1.5522693305043505,0,NA,1.7410429730080068,-5.2981405928730965,7.720743617396802,NA,-14.236505732411661
1.7550993073144572,0,NA,2.5875536366552114,1,NA,7.452105067204684,NA,3.123755107941106,-0.64272690564394,15.678433868899923
3.5865089468743907,1,NA,1.465163873829879,0,NA,4.079983336851001,-6.239631704986095,0.41533360380213713,NA,4.5802229382859405
-1.7016726872810946,1,NA,3.338903457201086,0,NA,1.917785604018718,-6.338546872138977,0.5956543835951016,NA,1.496714633055153
1.4243766297762968,1,4.981541898101568,2.6554678029613568,1,NA,7.443898117635399,NA,2.5489870366826652,NA,15.35521264607727
3.57736455706894,0,NA,2.036597390845418,0,NA,2.4797162832692266,NA,1.7736239123204722,-1.1124203577637672,-24.67297099595916
7.936682112834588,1,NA,2.8386810275027528,1,3.359470874071121,5.944860631134361,NA,4.4863193502090875,NA,-1.3760379556650655
0.5772392456350488,1,6.99518159404397,1.0733349114470183,1,NA,4.298356163781136,NA,6.246397993681021,NA,-0.10685220790785266
5.170995977916393,0,4.1908583380281925,1.6297194153815506,0,NA,8.857036647386849,NA,8.203769995542244,NA,24.381256134391034
6.813050322463714,1,5.757735077291727,2.544281484060921,1,NA,0.7225677371025085,NA,4.981391733014025,NA,-6.095513682479982
-2.016484943467541,0,NA,5.159471810669638,1,NA,0.8373486809432507,-7.29332584515214,0.10655199380591518,NA,-18.013743373497935
0.7422206496960144,1,NA,2.083346131360158,0,NA,6.1612274358049035,-5.481143593788147,7.637850640262477,NA,-6.7210963649409665
1.719202633605321,1,NA,1.1722407278232276,1,3.4882674142718315,1.6902295826002955,NA,0.7021421903371812,NA,17.97473779784619
3.3215144633685756,1,NA,1.1963805525470526,1,0.4619061313569546,4.39363180892542,NA,9.99231679928489,NA,15.863150616160128
2.5476441032214074,0,NA,12.42168285983149,0,1.0969240739941597,1.935972219798714,NA,0.11529040840454408,NA,-4.864112652167583
2.3646337363689947,1,NA,1.9097306982101871,1,1.2075299620628357,0.6311413133516908,NA,6.987124542351812,NA,-20.07845886771196
2.5101355546349504,0,NA,5.299574942355975,0,NA,5.2243917738087475,NA,-0.650182529585436,-1.8488135039806366,-4.772862290718786
-0.21133153993856837,0,NA,2.01069522915408,1,NA,2.476975154131651,-4.4858756475150585,10.513638560054824,NA,-12.64480161203169
2.957831176608361,0,NA,12.502478725779802,0,0.84786731377244,9.815411169547588,NA,0.16977488941513008,NA,2.261840780888808
3.0428089824732254,1,NA,1.848245604899712,0,NA,4.526854699943215,-6.666838090866804,0.4174000526452437,NA,11.1749511157008
1.73533853994519,1,NA,1.9078915186785161,1,1.7602727115154266,2.7562595810741186,NA,-0.6886986062116921,NA,-9.242111319470165
2.2406915932963876,1,4.121422667056322,2.392441434292123,0,NA,8.419053594116122,NA,6.253065148852766,NA,7.452155673089347
5.718148410335508,1,5.958889834582806,5.021213623378426,0,NA,7.391670658253133,NA,0.890723013547249,NA,9.748905574328495
6.279828000635493,1,5.47901439294219,4.674779334412888,1,NA,0.8006904530338943,NA,-0.25791153240948916,NA,12.123347862661953
6.116375828489191,0,7.162721384316683,12.748031978183427,1,NA,3.230037707835436,NA,-0.47508113407529895,NA,9.004315193101542
7.171465374501986,1,NA,2.0421118093607946,1,NA,0.7062817248515785,NA,11.151766402437351,-2.4122135005891323,-18.134571962249787
3.4768737798939977,0,NA,1.7067545670084656,1,NA,4.324333572294563,-6.459999639540911,1.4366909873392433,NA,-13.451300494487942
2.467809091035583,0,NA,5.320069444072432,0,NA,0.7528150989674032,NA,-0.4306156284688041,-2.4081750996410847,-5.798458553970311
-2.824992833750401,0,4.544894233345985,2.652162763639353,1,NA,6.83989537646994,NA,11.976801696186886,NA,7.315803468906518
8.341713475553659,1,NA,1.0711920294119044,0,NA,1.0000696196220815,-4.208194375038147,11.200553229404614,NA,6.819463025535553
4.854980291683224,0,6.324342090636492,12.863980642254464,0,NA,4.641467020846903,NA,-0.6052039211662485,NA,-5.904282720927705
0.9765647697816777,0,NA,2.0711551158362997,1,NA,8.384099283721298,NA,8.258588637174107,-3.5168169774115086,6.532245151384309
3.895932094210132,1,NA,1.9024442703882234,1,NA,7.289571880828589,NA,0.8535056972689927,-2.7000414952635765,4.299995341697803
1.125246430446919,0,NA,2.5232006355701015,1,NA,2.0532259438186884,-5.101848140358925,7.722122144000605,NA,6.856596750692606
2.970172266180202,0,NA,8.434357611709274,1,0.5397164411842823,4.445067069027573,NA,-0.7021278392616659,NA,-16.521182645071228
6.25715939311778,0,NA,2.047254883539863,1,NA,7.083553078118712,-7.72876587882638,5.729105552067049,NA,7.856085766106219
3.300891559448715,0,NA,4.029041909170337,1,1.0352721884846687,8.610296230763197,NA,-0.06823445068672296,NA,11.948040454398349
-2.7718439921318936,1,NA,2.4144238332053645,0,NA,0.9568297257646918,-6.252981312572956,9.084276753207668,NA,-24.256569459072225
2.148224685259431,0,NA,2.594412778606638,0,NA,8.769848335068673,NA,9.91257840107195,-1.4056647829711437,5.381293366421689
5.044554241422723,1,NA,10.932041208893061,1,3.1112127006053925,0.7145188469439745,NA,0.7159351182729006,NA,-6.049998138095106
2.2369120265090183,0,5.916069976985455,1.2334769311640412,1,NA,6.5707560000009835,NA,1.7175177039951086,NA,5.172016516666819
0.8698847284781074,0,NA,1.0839159409841521,0,NA,9.294239778537303,-6.166619431227446,7.336466657947749,NA,11.621391992286114
0.9294938094408287,0,NA,7.779963866197504,1,NA,7.975109445396811,-5.97977989166975,-0.9429226982267573,NA,-5.78343281403494
1.4099926840737467,1,4.004664782434702,2.7455069361813367,1,NA,7.0375716662965715,NA,1.9594952994957566,NA,6.8064461402003245
3.083788716158077,1,NA,3.759067112086341,0,1.7275079488754272,2.642209480982274,NA,0.6217081955401227,NA,10.274548765171982
2.357504867624667,1,NA,1.6875112817669287,1,NA,5.355143116321415,NA,10.43578524775803,-1.086385753005743,-2.036423455316463
-0.49422815942929355,0,NA,2.8688742096396163,1,NA,3.9312200527638197,-4.859761409461498,9.356756304861046,NA,-14.567189155521937
1.7204081498848214,1,5.345481917262077,1.733954510334879,1,NA,7.732878690585494,NA,0.07979720719624317,NA,19.993236546163892
2.7195792237451455,0,NA,4.7986226675752555,0,NA,8.996252994984388,NA,-0.737297964245081,-0.20389354974031448,1.0082474728313344
1.889130906468435,1,NA,2.775504898512736,0,NA,4.6591327409259975,-7.981453817337751,1.184147113529034,NA,-28.14942625928806
4.559624863563246,1,4.854196075350046,6.713601731588133,1,NA,5.32335196621716,NA,-0.29007603138685223,NA,15.318273158445367
1.563251850886003,1,NA,1.674966379692778,0,NA,8.832540940493345,NA,9.487640514471568,-3.053615614771843,2.78914250172921
2.9477454592168524,1,NA,8.39817641911097,0,2.8593299090862274,0.9977661701850593,NA,0.47275913236197087,NA,-0.10666073994007208
2.809001085945413,1,NA,2.2684850051579994,1,NA,8.254551605787128,-7.5499211475253105,1.9792576690856367,NA,-6.872727049184901
2.351017417432147,1,NA,2.447283800607547,0,NA,3.5101475473493338,NA,8.568849493153394,-0.8869794085621834,-13.255855779816597
-2.879124805765395,1,NA,6.211929747392423,1,NA,8.224396933801472,-7.714187189936638,0.15634152852930128,NA,-20.5540848533021
0.36297415279947903,0,NA,1.23229413008783,1,NA,4.209018757101148,NA,9.540341225946323,-3.5908263474702835,-27.35641811954266
0.8322390868074541,0,NA,10.655908900992944,1,NA,8.383585340343416,NA,-0.7236279350845143,-3.6184502951800823,22.366460150020192
3.706380217510217,1,NA,1.1556428478332237,0,NA,8.227083175443113,NA,6.215198248866946,-3.1515887081623077,-6.107178381225514
1.0665982212060061,1,NA,4.943304595882073,1,NA,8.965503296349198,-4.027680322527885,0.25353665290866045,NA,-35.31918704729689
0.7098130802754342,1,NA,4.611845633490011,0,NA,9.01376232272014,NA,-0.8354226206475869,-3.818030096590519,10.841192175558284
2.427935882080855,1,NA,6.620972066503018,1,NA,1.093839320819825,NA,0.6128915341570973,-3.217041742056608,3.131469344548716
0.3155137168629399,1,NA,4.125792028042488,1,NA,7.256109139416367,-4.8700672052800655,-0.2652124638995156,NA,-2.6780631295695474
7.339324055781403,0,5.049400739371777,1.1963402284681797,1,NA,5.3078523138538,NA,9.588155892249198,NA,20.40041828168062
0.9975322788248504,0,NA,1.8182196946209297,0,NA,1.8744532554410398,NA,4.093375648097135,-1.31022684648633,-11.84057488701651
7.009822482017471,1,7.387307059019804,7.821092200456187,1,NA,5.43388040503487,NA,-0.25135595834814006,NA,1.4853748976117132
8.718818082842487,1,6.387821983546019,10.379920969153755,0,NA,2.813952430151403,NA,0.33038654750213037,NA,0.03269926704171322
-1.2103012132072477,0,NA,1.858907155818306,0,NA,5.7254231558181345,-5.239724323153496,10.530771630974487,NA,-6.420002754680832
1.2499301630293274,0,NA,2.7298002856411037,0,NA,8.461597845889628,-6.250159826129675,8.502377222231589,NA,-13.443672063445259
4.170128762281948,0,NA,9.086545958821661,0,2.0120080150663853,8.019647281616926,NA,0.30148495340254167,NA,6.679760234452559
2.8407628753056096,0,NA,12.143783580483868,1,0.8277649469673634,4.534209442790598,NA,0.9895592269767075,NA,-8.504115111293101
3.0650605764786536,1,NA,9.033308602408505,0,0.06487049534916878,0.5883016041480005,NA,0.1243644214980304,NA,-6.298421421920077
3.091888154471263,0,NA,6.572613163436763,0,1.4653548821806908,4.903871382120997,NA,0.053115116874687285,NA,-8.27888045176868
3.1009089626323574,0,NA,5.724007984120399,0,NA,1.860874316189438,NA,0.12439370681997386,-1.3077729269862175,11.277047776432735
3.7357852138365364,0,NA,6.12700736775063,1,1.8542612344026566,6.622703997418284,NA,0.43648147038649765,NA,11.223368848519744
2.9786050335661867,0,NA,2.8863569922512395,0,0.0630040317773819,3.131907337810844,NA,8.793381450111045,NA,-1.1973564448199392
3.569367889595733,0,NA,5.379694652748294,0,0.4031674191355705,3.2210060534998775,NA,-0.1851261745020747,NA,6.178686993644352
2.876006004217619,0,NA,3.83287136961706,1,NA,2.4629090540111065,NA,-0.9805565197812394,-0.3394618257880211,-4.434395977396976
3.5219955561767833,0,7.217485468834639,1.3049010418448597,0,NA,0.6898480583913624,NA,0.2039796019205824,NA,9.233805392136695
8.54196643308867,1,6.850397825241089,3.7227050917875024,0,NA,3.4314625221304595,NA,0.585157947493717,NA,0.01191091940063771
3.48503703240896,1,NA,2.4190231459168716,1,NA,1.2340934132225811,NA,-0.9634907785942778,-0.7912260070443153,-19.086849776483838
2.637074409974554,1,NA,8.438834427641705,1,1.2330171801149845,4.682197240181267,NA,-0.6331255802186206,NA,9.22627752595548
4.553192126373251,0,NA,2.3606115306634456,1,NA,7.009919593110681,NA,1.862148578800261,-3.428449124097824,-19.152885506542464
2.032103873669187,1,7.13847191631794,2.01466533225961,1,NA,4.305569031275809,NA,4.234357344973832,NA,3.0234667548129694
2.6795208884786934,0,NA,2.518815277433023,0,NA,5.926148884464055,NA,9.527962652975694,-0.5284391418099403,12.41967988994958
1.902308923201138,0,4.856020715087652,1.0704831877024845,1,NA,6.544179718475789,NA,5.975931994272396,NA,4.330385977061642
6.257355626667163,0,5.2539635337889194,4.185238402402028,1,NA,9.7999614989385,NA,0.6358042981289327,NA,7.008720720718922
7.57690969461429,1,5.416586473584175,1.443787466022186,1,NA,7.108226073905826,NA,9.836865053572692,NA,3.2036630707146645
4.456821131417659,0,4.827640060335398,6.327481482750736,1,NA,1.860417032148689,NA,0.26266537573188553,NA,8.007119240206666
1.3799090325316579,0,NA,9.379189620744437,1,NA,1.4554932061582804,NA,0.9455187676800414,-2.862121406942606,-0.45256305314419176
4.479827513873669,1,NA,1.3956163481390105,0,0.6333620138466358,7.376622322481126,NA,4.940724993976764,NA,33.902260337010055
9.449498213180815,0,6.7124456986784935,1.3250491478759796,1,NA,4.066301644779742,NA,10.10357924619224,NA,14.831494595390353
1.9386875165843367,1,NA,8.844813319519162,1,NA,8.962571271695197,-4.005125090479851,-0.415958218574524,NA,9.832520097103725
4.328845661017604,0,NA,4.9284600439062345,0,3.17267781868577,9.528891225345433,NA,0.14618257366586485,NA,6.424835241563368
2.418152680575648,1,NA,1.4547128522209825,1,NA,6.325836181640625,-7.827533219009638,7.6086892266944055,NA,2.528855335717756
1.9817869159554784,0,NA,2.8578909996245057,0,NA,3.470004799310118,NA,8.925953193609603,-1.8569435589015484,17.537840170195622
4.674901962314042,0,NA,2.6730379874492067,0,NA,3.579998235218227,-6.143226802349091,5.288942977334373,NA,-8.99203344615169
3.4114060749453343,1,NA,7.328113154130988,1,3.0990514531731606,6.6382849821820855,NA,-0.8448951330967247,NA,15.824214150053761
-5.511635450064507,1,NA,1.9265910599706695,0,NA,5.405561439692974,-7.4651813469827175,10.560499573647975,NA,-5.515291105355727
2.746894037941054,0,NA,2.2595573596656324,1,1.1442331857979298,0.5292874411679804,NA,-0.5736331422720105,NA,7.800309716773797
5.212148282185363,1,NA,10.133934665094129,0,3.1274117529392242,7.707440978847444,NA,0.060245519047603,NA,22.47454722243414
1.7441033437582827,1,NA,1.962451395620592,0,NA,7.8274312149733305,NA,9.603009590096772,-2.758049890398979,0.45729581713325684
1.7297297299231822,0,NA,8.0590321851708,0,NA,8.920361148193479,-5.53439985960722,0.6637578886700795,NA,-7.352948622697188
3.4951094826784215,0,NA,2.2859248825255785,1,NA,6.156153026968241,-6.276736430823803,2.80610887223389,NA,-0.6686377954370855
2.6026780954349213,0,NA,10.057703095786273,0,NA,3.8570094015449286,NA,0.0033316807821393013,-0.2605208232998848,2.812260444357633
4.167469421148078,0,NA,1.6816953924717382,0,NA,3.283267088700086,NA,1.2331633009249345,-3.2636047415435314,1.1057977819390494
1.6778027815631824,0,5.583735357969999,2.595248568556271,0,NA,6.400463809259236,NA,0.1435069767571986,NA,5.194819407509585
3.750311164068523,1,NA,2.3521339727938173,1,NA,9.314516428858042,NA,0.2387490276340396,-2.4143158718943596,1.5324227517945257
5.417509877860514,0,6.823729496449232,11.06354339943733,1,NA,1.642162068746984,NA,0.7948622621269896,NA,-1.8428922793168976
4.30180182316277,0,NA,10.984067949973978,1,1.9088163934648037,8.112839297391474,NA,0.8111572256265207,NA,-1.9503113291735725
-1.2661085489752544,0,NA,1.0432791649457067,0,NA,6.131083343643695,-5.312387362122536,4.641727484879084,NA,1.8645408133897998
2.5666756657518643,0,NA,1.835256379605271,1,NA,1.6820072964765131,-7.122000228613615,-0.8827403363585472,NA,-3.6522631128431264
6.504811294580821,0,5.861181367188692,4.100757453176193,1,NA,2.348027981352061,NA,0.6299075951753184,NA,4.293917494141846
5.361039041233846,1,4.665319215506315,1.0973954373737798,0,NA,5.2916214149445295,NA,7.273135799653828,NA,-4.863127480634491
0.36292329547178853,1,NA,7.193556619547308,1,NA,0.00773971900343895,-6.4557467661798,-0.5547795456647873,NA,-19.965343903619104
5.500210288246857,1,NA,2.1301177418557926,0,3.7926447428762913,8.551759764086455,NA,8.81936299081426,NA,10.445511412925137
4.485419480846807,1,NA,1.6536875310773032,0,2.002445336431265,8.004159179981798,NA,9.199247085144743,NA,11.840010215395264
2.97189876252014,1,NA,1.789234064440243,1,NA,2.4123498052358627,NA,6.532738373726606,-2.13723698630929,-13.937709956301811
1.2884240940396574,1,NA,7.767197899473831,0,NA,1.4835798111744225,-6.022014990448952,0.07511744548100974,NA,2.877670905538354
1.6836507350362107,0,NA,2.741425399486907,1,NA,7.844925043173134,-6.4315134435892105,8.43841442334,NA,-27.16754216113536
2.3774232963963557,0,NA,4.197194420793094,0,NA,8.976870358455926,NA,-0.24330885391216728,-0.7323757149279118,-8.06590098273498
3.3848104986082475,0,NA,8.07013246501796,0,NA,2.6493347296491265,NA,0.7389611455611884,-3.203455314040184,-3.670956400453115
6.4269094047703215,0,5.389857679605484,4.290804510051385,0,NA,9.25208342494443,NA,-0.6562766559468582,NA,30.97123739861626
-3.179523975853523,0,NA,1.797135516293347,1,NA,7.916647554375231,-6.754866972565651,9.675086371833459,NA,-4.026199452942468
11.819289686581634,0,7.619963902980089,2.6770905974833292,0,NA,7.093501288909465,NA,10.227012444240973,NA,-0.6610942314854356
2.9119330546285385,1,NA,6.805372667592019,0,0.8505894392728806,6.182847977615893,NA,-0.8036847317079082,NA,3.203967549770242
2.788517473402518,0,NA,6.966427795579657,1,NA,1.1963945487514138,NA,-0.6142029467783868,-2.8065334409475327,-11.817941185596078
1.731910779859311,0,NA,1.165031982054934,1,NA,7.275545517913997,-6.730441011488438,7.641676840758882,NA,-13.686922715023371
2.012259242483251,1,5.653041519224644,1.162217034958303,1,NA,0.7547733001410961,NA,-0.6683015475142747,NA,-7.278893702649075
6.220302097167733,0,4.791348479688168,9.108874357417227,1,NA,6.408230683300644,NA,-0.3480011871317401,NA,-2.24022675599078
4.27033164567907,0,NA,3.8707010586885735,1,2.763553649187088,7.308634645305574,NA,0.7371462877141313,NA,-5.427712678970872
2.0150582675765967,1,NA,7.475915538254194,0,NA,9.531234176829457,-4.842826683074236,-0.6481014830293134,NA,-17.704681576688856
4.358634579770128,0,NA,3.4427772876853124,0,3.7281842790544033,5.044326719362289,NA,0.7847937997151166,NA,0.8195645082757763
0.9360289863926998,1,NA,4.350154419643804,0,NA,2.9659313336014748,-4.465345356613398,0.912877986333333,NA,-3.24376822799253
4.117391669897521,0,NA,1.5623429981200023,1,NA,5.988320333417505,-4.6744847893714905,1.8091626750817522,NA,-15.425061926149802
2.7101847569396686,1,NA,7.947895980705507,0,0.56104826182127,4.481128482148051,NA,-0.5448459958098828,NA,9.800089606634451
9.026940675084074,1,7.357134938240051,3.1543394451681523,1,NA,6.97721098549664,NA,-0.8696548685012385,NA,10.911066565501553
3.3111100956667223,1,NA,1.2128005801606925,0,0.7208608500659466,0.03151169512420893,NA,10.95355827983003,NA,1.5446268824143998
4.479571896219568,1,4.89847519993782,6.717975304140709,0,NA,7.757266259286553,NA,-0.6293760507926345,NA,10.508569184189483
3.2173623914999294,1,NA,1.1881430822238326,1,0.7313391491770744,1.5192737150937319,NA,7.203805965441279,NA,-9.289696764479226
8.299980138710424,0,6.247822172939777,10.327832877109758,1,NA,5.602583955042064,NA,-0.11226117711514239,NA,1.897327993737254
2.0119914094391027,0,5.038715336471796,2.4591203607013448,0,NA,3.5609316802583635,NA,-0.716402121540159,NA,6.12505730639891
7.74194520031167,0,7.450494736433029,6.454970439034514,1,NA,3.7425758177414536,NA,-0.4244016703963279,NA,7.498735686057842
5.113485651554992,0,NA,1.110766145880334,0,3.432414934039116,1.4047924964688718,NA,8.138591838502325,NA,-8.43529697256568
2.182652167120269,0,NA,1.1687905015330762,0,2.325828656554222,3.549211972858757,NA,6.375916343252174,NA,18.23213812802151
4.442194479397298,0,NA,1.8491859751427546,1,NA,8.109043480362743,NA,2.702896617571823,-2.767779141664505,12.187856659635809
2.46234149868817,1,NA,2.7892627947032453,1,NA,3.1953028519637883,-7.5611491575837135,8.326316483831032,NA,-8.88976659683894
1.7785964151213833,0,NA,2.4667611559014766,0,3.9038175381720066,0.48780866432935,NA,-0.5464813840761781,NA,15.884814675071977
2.0748351211810863,1,NA,1.9217916716914623,1,NA,7.3393129371106625,-7.827723473310471,2.2250111076980827,NA,-19.829914048485115
5.048292995683891,0,4.255642544478178,3.517402892350219,1,NA,4.211663692258298,NA,-0.5475034277513623,NA,-6.59613566401376
3.4378124104961745,0,NA,1.8951690767891705,1,0.641314659267664,6.018364073242992,NA,9.447493063546718,NA,16.396934104116266
3.5697078210801094,0,NA,1.1213840433442965,1,NA,5.208598400931805,NA,-0.06149588911794124,-0.8735198602080345,-18.381384565495207
-1.5342186424824016,0,NA,9.972565347668715,0,NA,3.1110284314490855,-5.652510147541761,0.3575453904177994,NA,-0.9421194676078688
5.39699693830637,0,NA,1.7171205848874525,1,NA,7.311613399069756,-7.430930465459824,6.633718951782212,NA,13.332397394446527
3.7660196710307483,0,NA,2.139743253458291,1,NA,6.459624983835965,-6.256739549338818,0.43448413859121504,NA,-26.497727687788487
2.8096797205076776,0,NA,8.499424999468028,1,NA,7.694522545207292,NA,-0.44189591911621395,-1.1270492523908615,-3.5083942110245396
2.9394508345487753,0,NA,11.6152413040353,1,NA,0.5354113900102675,NA,0.5362693306943402,-0.6290853247046471,-9.23082735492443
-0.4304317883437146,1,NA,2.483936788155697,0,NA,4.75245667854324,NA,3.0949686013534663,-2.012700069695711,-17.073588667569876
-0.1861324627744136,1,NA,6.741300020045601,1,NA,8.126925937831402,-6.120302014052868,0.7852326162345706,NA,2.7149530325481184
5.324098771380013,0,4.335110887885094,1.716671352428384,1,NA,3.2338925125077367,NA,8.220688820993528,NA,10.822377800444599
2.702010367317265,0,NA,2.1468445952795445,1,0.8243784457445145,4.532293132506311,NA,-0.7477391844335943,NA,-4.35930078107337
3.6471009047887577,1,NA,5.878184972153976,1,1.0983577780425549,9.851251726504415,NA,-0.6759007955901324,NA,-2.5393266092490765
4.427630672538586,1,NA,2.916118874088861,0,NA,0.44190523447468877,-4.72415741533041,1.0192331680422648,NA,-9.72833123011426
2.765680045105482,0,NA,11.298249500440434,0,NA,3.79209317965433,-4.077191151678562,-0.7893902730988338,NA,-32.67065474105776
8.68231779230281,1,7.107576876878738,3.724444901761599,0,NA,8.507491839118302,NA,0.6525230678357183,NA,-1.1930522840438549
-2.7757917695023746,0,4.066138066351414,1.9920121932122856,1,NA,9.421458235010505,NA,11.45396215681918,NA,6.8469222239385115
2.4338200408506867,0,NA,1.4094103502156212,0,NA,7.226325632072985,-7.804061308503151,-0.09771436961833391,NA,-9.701306668250197
-1.8466340131555081,0,NA,9.863079515043646,0,NA,2.1816851384937763,-5.6095842607319355,-0.24356935935560609,NA,-19.90575886975362
7.160229691445487,1,NA,1.8256242055632175,0,NA,6.96424349443987,-5.742028184235096,12.030338826421648,NA,-17.64272686749951
1.637805603492256,0,4.724858026951551,1.1221385388076306,1,NA,9.76587055483833,NA,-0.15248488420620565,NA,29.1385449332605
2.626423447084979,0,NA,1.043005850026384,1,3.655603103339672,9.60532862925902,NA,6.626028720745817,NA,-7.345689398766831
1.2868687215834351,1,NA,2.599047149340622,0,3.8303336799144745,2.7984397346153855,NA,2.53755017132964,NA,7.168562036331536
2.1189301689391025,0,NA,8.85043139539659,1,NA,2.6840783678926528,NA,0.1925116076879203,-3.7401651069521904,1.2371523230932002
4.3274759868808514,0,NA,1.8006841020798312,0,NA,5.433586069848388,-5.227719880640507,0.6439826699579134,NA,-4.256238747691766
0.7658492717388049,0,NA,3.1019757912680506,1,NA,6.742425973061472,-4.333197772502899,-0.9506687398720532,NA,-22.92902434453158
2.9487013412063647,1,NA,12.093313461793587,0,3.165507771074772,9.734007988590747,NA,0.13959241411183032,NA,18.445364324361798
4.105034191484749,0,NA,1.3466903941100463,0,NA,9.25663593923673,NA,0.19182402474805715,-0.7795064449310303,-5.768674795958074
0.9278772883693739,1,NA,2.423078859895468,1,NA,1.6239613061770797,-5.599129784852266,8.033263754942455,NA,2.5847522134505745
3.0343709572110225,0,NA,5.729248347342946,1,0.18270664662122726,1.0465189535170794,NA,0.869212921760045,NA,-4.3746338326223215
4.85666771161736,1,NA,2.4250679152738304,0,2.7293519154191017,3.533416900318116,NA,10.823660432132892,NA,-10.444746822626277
2.6343664785536145,1,NA,2.7587444355431945,1,0.4915291294455528,8.162649343721569,NA,5.702775759673678,NA,-7.2387219476545575
2.9042308465840874,0,NA,5.32214650570415,1,NA,6.484612640924752,NA,0.618598956889473,-0.9779196530580521,-9.677349537127869
3.355610928801378,0,NA,3.4708080476429313,1,2.352341588586569,5.8345859963446856,NA,-0.6871350051322952,NA,-7.9939990377129995
7.032491456011159,0,5.190573811531067,1.7429571801889687,0,NA,4.62439646711573,NA,9.286999016972258,NA,16.048854249851786
4.763806219121379,0,NA,2.0226040332904085,0,3.9512717463076115,6.270184055902064,NA,7.112494377261028,NA,5.741671274006457
1.708062457395275,1,5.347653400152922,2.7533354391157627,0,NA,4.265637616626918,NA,1.5239554431429134,NA,-2.9427316128954413
4.667263459790644,0,NA,1.7460241571580992,0,NA,5.818798439577222,-5.192020792514086,6.632889704410918,NA,-1.903878075077491
2.5087481680939114,1,NA,2.679200791520998,1,NA,5.243990691378713,NA,10.91347289995756,-1.0602509938180447,-5.713143446651182
5.7857406707044685,0,5.69552606344223,5.594681945876219,1,NA,4.841139647178352,NA,-0.29486754017416383,NA,12.338598128925046
2.5743560590247037,0,NA,4.223792735501193,1,NA,7.270164806395769,NA,0.9000738811539486,-0.7243474535644054,-3.8549485807660613
1.1257506713683973,1,NA,5.321958602042868,0,NA,4.505964012350887,-4.915625564754009,0.30823149127420035,NA,-6.063429243063947
4.076128684722406,1,NA,4.58924716913607,0,3.1400055661797523,2.9702570335939527,NA,-0.9087851992808282,NA,25.991642888563067
2.2542192452208973,1,4.2601256892085075,2.0615559179196135,1,NA,3.6800410668365657,NA,5.418347682338208,NA,-6.839087458527095
3.319781748128396,0,7.343869749456644,2.622405711286701,0,NA,9.70934939570725,NA,1.512786395228468,NA,12.573659198568402
1.0202011220852867,0,NA,1.9259661040548235,1,NA,1.3906460907310247,NA,9.972598966434598,-3.095045879483223,-4.094967666381605
2.6091177299988053,1,NA,1.174564072904177,0,2.766151826828718,9.798698644153774,NA,6.910177619182504,NA,6.213156818883579
1.6330524925268715,0,NA,1.8260610766429455,0,3.309420306235552,4.044522040057927,NA,0.977552764993161,NA,13.429818052959666
-2.02557567280497,0,NA,1.4869332286529242,1,NA,8.527465853840113,-5.806454826146364,9.633423315025865,NA,-5.604079420214909
9.584050762984848,0,7.452652234584093,4.56323197693564,0,NA,4.548153493087739,NA,-0.009502368494868296,NA,4.00722393581435
2.4137008564507374,1,NA,2.675309100239538,0,1.8380348980426788,3.522003663238138,NA,1.518484927485697,NA,2.7333902369447416
2.812396963033808,0,NA,5.424252772810869,1,NA,7.426283883396536,NA,0.3297035156004131,-2.2880677320063114,-5.360599017658125
10.735749473747479,1,7.155473429709673,2.4049770793924106,1,NA,3.5816794098354876,NA,9.622393395095132,NA,-5.541347447707434
3.29263730584714,0,NA,8.30069476280827,1,NA,8.36041231174022,NA,-0.757622103067115,-0.30436941608786583,3.4901195086591494
5.234005628008549,1,4.493588466197252,2.642883524172939,1,NA,4.308174701873213,NA,7.2872001288784665,NA,0.26805786384110863
2.811010239251229,1,NA,2.557350203618407,0,NA,9.73147455137223,NA,5.321610007365234,-0.31049611791968346,-12.808525629944278
1.460316758244703,1,5.140770465135574,1.179086367408745,1,NA,2.310454158578068,NA,1.6968259466765447,NA,21.10156434893333
4.0661039069483,1,NA,2.8988778561586512,0,NA,6.311655992176384,NA,0.32082552261650554,-2.4638728387653828,21.89089466155727
3.0663688515115193,0,NA,5.328631709706969,1,NA,5.757969836704433,NA,0.6329481681017206,-1.9096318930387497,-2.058932550128594
3.7207474298725143,0,NA,1.6937743787886574,1,NA,2.8008955088444054,-5.4348561726510525,-0.4333202110463753,NA,9.015523673160393
2.7898149915733392,1,NA,4.899099868633784,0,NA,5.3443829831667244,NA,-0.6773671472724527,-0.8325926624238491,9.917785476220415
2.2499123904653184,0,NA,1.5501183527661486,1,NA,1.1633072677068412,NA,9.986953890877777,-1.7059627771377563,-11.011715676114521
-1.1423468268175216,0,NA,5.933884559604339,0,NA,2.7896252227947116,-6.579010725021362,-0.29398593511898075,NA,-3.4998666918611696
2.08020161113332,1,NA,9.626913804090583,0,NA,5.463478439487517,NA,-0.46520592482294887,-1.6960343681275845,6.3063543192757034
3.6531709895939346,1,NA,1.828951112641953,1,NA,7.664346972014755,NA,1.4893141274014488,-2.049156714230776,4.989530491106423
4.150566913802347,0,NA,1.3900683486601337,1,NA,6.510084490291774,NA,1.3715549979358912,-3.8027321472764015,1.3531742689094557
7.9173135056544535,0,NA,2.0990912993019446,0,3.39677207916975,9.246509971562773,NA,3.6846382573014127,NA,6.743005679903726
7.42853190302798,1,7.60466580465436,8.420410876017995,0,NA,3.8898326689377427,NA,0.6111280336137861,NA,20.090357587166743
1.8371707108865818,1,NA,1.9377054806752132,1,NA,4.729368949774653,-7.821418080478907,0.9459715046966448,NA,11.717383977667517
5.080526419937646,1,NA,10.220179313095286,0,3.291209425777197,5.012800053227693,NA,-0.8268103194097057,NA,-5.417283602755605
3.3000159935883273,0,NA,2.1694127250649036,0,0.12816791981458664,8.865360314957798,NA,8.355187158347107,NA,12.49952722246231
0.7655752775674163,0,NA,4.028467192160897,0,NA,1.811358870472759,-4.645419582724571,-0.9217084064008668,NA,19.15507343646081
11.211108001278506,0,7.264295823872089,2.8376366195688023,0,NA,9.039237427059561,NA,9.886979318144732,NA,25.207503685934128
1.4564968864347985,0,NA,1.4612054175464437,1,2.808155469596386,6.918026129715145,NA,2.2385031212866306,NA,0.6845091870329454
6.292903993205904,1,NA,1.4043064420716838,1,1.8505655825138092,8.800600243266672,NA,3.888462923387997,NA,1.3020637018215084
1.512285409122154,0,NA,1.0115583719033747,1,NA,9.119572236668319,-6.816066026687622,7.139869698290713,NA,-12.953025099014445
3.392909877525041,1,NA,1.5599126787483693,1,NA,7.883353298529983,NA,5.4670517299231145,-2.9566843695938587,15.902921183576254
2.289868684914061,0,NA,10.045534611404873,0,NA,9.218389550223947,NA,0.007323671928606945,-1.4016302563250065,-0.9625994509935132
4.786289224584786,1,NA,10.709379975711927,0,3.2009803280234337,7.384463823400438,NA,-0.40768201371654866,NA,-10.48447790338243
1.8892191136680527,1,4.596853666007519,2.6379963015951216,1,NA,0.9634168748743832,NA,6.664995189257898,NA,14.131513801956388
4.134060595437692,0,NA,3.9589085719315333,0,2.856831159442663,4.222736954689026,NA,0.4693729866435752,NA,-7.334383774397683
3.2231567944496264,1,NA,12.900116006378084,0,3.5441988930106163,0.8099393104203045,NA,0.32844008019659676,NA,-1.1349119289824534
4.325171122318303,0,NA,1.2160294052679093,1,NA,8.815977089107037,-4.491116974502802,0.4636357899243011,NA,-11.505407147325325
3.9761820591808634,1,NA,2.9171972622163596,1,NA,1.1129801091738045,NA,0.8230068510537967,-2.5785004757344723,5.145093030858563
1.1949726334145414,1,NA,1.5078850221121685,0,NA,5.012196179013699,NA,10.84816626921296,-2.7221743874251842,9.187994244756071
4.0203098813082665,0,NA,2.0635422017378735,1,2.424058072268963,1.570689151994884,NA,10.81532011397183,NA,27.05520387234886
4.895550057091384,1,NA,1.7598299120878802,0,3.751238524913788,1.6664465493522584,NA,8.5649237857200209,NA,3.721466724991813
3.6980273243297805,1,NA,2.581011308180168,0,NA,4.705929073970765,-7.027457877993584,4.912818792411127,NA,-19.328810713535916
4.068877371968084,0,NA,1.1668160931952298,0,NA,4.6564407995902,-4.953097950667143,1.153229031045921,NA,-10.60571688402145
5.56265373002817,1,NA,2.9638591789547357,0,NA,5.986317798960954,-6.233393080532551,11.432127999952064,NA,-22.039553516433394
0.0518973452419556,0,NA,7.069387741480023,0,NA,1.829255623742938,-6.613435193896294,-0.2618941900553182,NA,-9.172509217248212
7.579675739107952,0,5.22842675074935,1.6720466019771993,0,NA,8.916252963244915,NA,4.492561662374064,NA,7.191834398316814
3.766009189867378,0,NA,1.627936428631656,1,NA,3.734454356599599,-5.873219832777977,2.3294595473166555,NA,-14.010605341461925
2.2477906586157137,1,5.4535312205553055,1.062126117092557,1,NA,4.706650706939399,NA,2.6778791999164966,NA,0.5588352194848172
2.8542427841928877,0,NA,1.638025169717148,0,0.9319248870015144,0.44052036944776773,NA,-0.13816139198374,NA,-13.621065025940082
2.8400043304401703,1,NA,8.903567455713636,0,NA,9.251220850273967,NA,0.4151301154168323,-3.5278517603874207,3.5139192923426474
4.875097335162718,1,5.105138577520847,2.221580382366665,1,NA,4.729858434293419,NA,7.808040500730276,NA,5.352605404205618
2.117074600211565,0,NA,3.223754732129164,1,NA,9.00817973073572,NA,0.43009806405287243,-2.8458331748843193,-9.685155987633916
2.111549818348288,1,4.488722123205662,1.6934019750636071,0,NA,4.025575185660273,NA,1.837315246304497,NA,-6.0899995582368565
5.110930528340233,0,NA,1.4469363303296268,0,3.424748867750168,9.786886246874928,NA,10.361276485188863,NA,0.8146411248255152
1.3259908644971699,0,NA,9.560488691180945,1,NA,2.84313699696213,NA,0.8064871722087263,-2.512465875595808,7.172827248096446
3.319909591953734,0,7.314731229096651,1.6861170805431902,0,NA,6.829470922239125,NA,2.222342755477875,NA,12.189710657120024
3.1500057141825812,0,NA,1.786445223116316,1,NA,9.774815854616463,NA,6.155445069903508,-1.1684546954929829,2.7523808992850087
-1.9166906183211387,0,NA,1.6667031530383976,0,NA,6.894794004037976,NA,4.0069137152237815,-3.7142913974821568,-6.695865224145971
1.7980474613105586,1,5.435198746621609,2.776992205623537,1,NA,0.6545670283958316,NA,0.8131286429660394,NA,1.4087072403226424
4.601716650910989,0,NA,1.7813832023181022,1,NA,8.160944003611803,NA,2.1547079109819607,-3.848878461867571,-8.779056516053963
5.319097583918747,0,NA,1.7847518971655518,0,3.502507571130991,3.9949901052750647,NA,9.346066029663199,NA,5.407054516347177
5.159928515271849,1,5.598803244531155,8.974302206742577,1,NA,2.34475611243397,NA,0.6579223209293559,NA,-1.08215769682477
1.5323278216274205,1,NA,1.6864064720785246,0,NA,3.4390022000297904,-6.540227171033621,3.07474252467975,NA,2.683069363830624
8.201331966557134,0,5.992957800626755,1.6132497698348014,1,NA,2.069854650180787,NA,10.626674844613298,NA,10.41293567930689
7.667280693004776,1,NA,2.5105503312312067,1,NA,1.0580846527591348,-7.877504222095013,4.56913387495093,NA,13.326004541702758
3.125789025502594,1,NA,5.25511964708101,1,0.9625152423977852,7.998663333710283,NA,-0.8382119598565623,NA,20.07088687828523
7.398384639306208,0,7.726741027086973,7.026964805135504,0,NA,2.031629290431738,NA,-0.8840187152288854,NA,0.2794073455563524
3.204165929771357,0,NA,2.9554615205712613,0,0.6106733120977879,1.5900414646603167,NA,7.524109013481065,NA,5.053005923402261
3.7533453360092115,1,NA,3.742313638869673,1,1.6205688528716564,1.4967368450015783,NA,0.9254421565588564,NA,14.08132982395705
0.7392857886617786,0,NA,1.0783478002110496,0,NA,5.93936798395589,-5.530250448733568,7.087345743384212,NA,-11.566156631077536
-0.4320733729855616,0,NA,2.3583147320756686,1,NA,5.699641911778599,-5.51025690510869,3.874529146077111,NA,-5.551714064660437
1.9452794247302796,0,NA,1.5766890408471226,0,NA,0.39972613099962473,-7.937570638954639,2.547249354706146,NA,-12.29331802642158
3.5062755872722797,1,7.615250945091248,1.2706486969534307,1,NA,1.8900663359090686,NA,1.5227915026899428,NA,14.07737145757832
2.919791374286052,0,NA,2.7720986405434087,1,2.2590476498007774,1.6501998016610742,NA,6.129682765044272,NA,16.04967407926144
3.0367475908824035,0,NA,2.643500830177218,1,NA,7.146912373136729,NA,1.5117564241169021,-0.5711619928479195,-1.7442812997574662
4.39761409983961,0,NA,2.6715931116696447,0,NA,9.469625621568412,NA,2.838615069258958,-3.932256083935499,2.447683725994785
3.9332896152974626,0,NA,9.416312097758055,1,2.288478620350361,1.6000593337230384,NA,-0.6671562145929784,NA,10.387927237201668
1.1262093115137568,0,NA,1.5484587972518056,1,NA,1.9737674575299025,-5.8426899164915085,8.257219534888863,NA,-5.533288844972233
3.7662686563859515,1,NA,1.476567742312327,1,NA,4.335566312074661,NA,-0.20836865962017326,-1.713772926479578,-4.691884865544258
4.231133224557549,1,NA,2.693151306989603,0,NA,2.840531594119966,NA,-0.020303694647736847,-2.4655391797423363,-13.131531256503482
3.9779008605256108,0,NA,1.7493890404189005,0,NA,4.971025737468153,NA,2.526697852066718,-2.270498290657997,10.112725209109625
3.9225429382904657,1,NA,9.617890629209578,0,1.8664488159120083,3.9636011887341738,NA,0.31263000187464063,NA,-5.8242916899336805
1.6829891267310664,1,NA,7.146152322548442,1,NA,6.311318248044699,-5.139763377606869,0.5929932972695677,NA,-9.531434876886038
2.6460840159473293,1,NA,1.6672428862471134,1,3.073450580239296,8.096413584426045,NA,6.562680764249526,NA,4.1487385984876415
2.646938110428703,1,NA,1.0958627863042056,1,0.392590943723917,1.0858403355814517,NA,5.51733861124143,NA,-0.5604019514309958
2.3224943995999907,1,NA,5.708498723795637,1,NA,0.5333008104935288,NA,0.4322715185349808,-3.0960475504398346,0.3323939561378477
3.089547401651654,0,NA,6.542920056120493,1,1.8038211837410927,0.8619394642300904,NA,-0.903085239753127,NA,10.951791866237434
2.601423565744629,0,NA,11.23396841654554,1,NA,2.936419900506735,NA,0.31274893093854184,-2.332362573593855,-2.930813700632174
0.8729705016777425,1,NA,1.1231764281354844,0,NA,9.049498746171594,-5.643744118511677,7.482778324908577,NA,-10.218244976616056
1.998166622944097,0,NA,2.1980174118699507,1,NA,6.2107588071376085,NA,7.023799141356721,-1.854837592691183,16.81797588941659
1.8668339060164563,1,NA,1.3915264561958611,0,3.3059773296117783,0.12935659615322948,NA,0.1016747920867056,NA,-5.480870431071452
-2.0013870358232038,1,NA,4.311917487801984,0,NA,0.1823845412582159,-6.838121626526117,-0.16015742280520495,NA,-16.024815506828517
2.09965250831398,0,NA,2.016027149287984,0,3.6474207639694214,8.91402340726927,NA,5.810944389458745,NA,-5.774277411416559
3.828479868769559,0,NA,1.2225536840269342,0,NA,9.093233267776668,NA,0.6042117220116778,-3.295294865965843,-16.14934350453018
2.7190587276389104,0,NA,7.678128993464634,1,NA,3.5805697622708976,NA,-0.5287741876160725,-0.26141946017742157,1.770822173607657
4.81424348164689,1,NA,9.889732752465642,0,2.759554974734783,2.8168598120100796,NA,0.44974534751381734,NA,-1.862894225970523
6.035147537909871,1,7.328219696879387,12.212715808306822,1,NA,6.899097075220197,NA,0.1488866145629435,NA,4.893926236655095
1.61240492623105,0,5.072486020624638,1.5576304520573467,0,NA,1.282697923015803,NA,2.2194835127471015,NA,3.5966281686279657
3.285256691456616,0,NA,11.371925344197079,1,3.458483185619116,8.40567268198356,NA,0.22391237958334376,NA,-4.011858050030841
-1.725501168685151,1,NA,2.6655010238708927,1,NA,5.373165879864246,NA,4.841379826776683,-2.6717587374150753,-0.8689906895079873
8.4124085265089,0,6.777081828564405,4.41374553443864,1,NA,5.147813216317445,NA,-0.25166988178621974,NA,14.573314128624393
1.8763088938093329,1,NA,1.5606764178164303,0,NA,2.3796273628249764,NA,10.43769785058219,-2.0026440918445587,19.99113398477666
1.8586788871506585,1,NA,2.1038420534320172,1,2.9848302267491817,7.855553086847067,NA,2.23260362372268,NA,-4.108127182202304
4.307797897596739,0,NA,1.8759917580895125,0,NA,5.573216984048486,-4.080138225108385,1.0717420941963791,NA,4.4781360289192165
4.604955740614233,0,NA,1.2315245533175767,0,3.0531498230993748,0.5352769303135574,NA,8.075177014661021,NA,-0.39335816731298756
2.5049193251367288,1,NA,2.6934073028853165,1,3.465438771992922,7.115279824938625,NA,6.342320406320505,NA,13.662211984134455
8.162869090126238,0,4.109031070023775,1.1999165764171629,0,NA,2.9031711001880467,NA,4.350891366042196,NA,13.817733826845522
3.0994679825070355,1,NA,7.35072802241426,0,1.8367407955229282,7.2772399871610105,NA,-0.7738474986562505,NA,-0.9712334249631969
6.235770180367937,1,NA,2.028370944065973,1,1.463873565196991,4.975871068891138,NA,3.3098803464183586,NA,8.274853456940212
0.9707553271896021,0,NA,10.171930025876499,1,NA,9.279617525171489,NA,-0.8280849055945874,-3.4469475969672203,-8.048749468794743
3.008141355418724,0,NA,1.8754952459130436,0,3.517789825797081,2.426043024752289,NA,5.755322295972146,NA,0.26432308235657587
2.7723566836853797,0,NA,8.06315715726465,0,2.4320950135588646,8.920182134024799,NA,0.2508855099929497,NA,3.3637616457607034
0.20111548641063018,0,NA,7.561244213301689,1,NA,8.802197754848748,-6.388106465339661,-0.8606144372932613,NA,2.1317080378890427
2.6369469973671955,0,NA,12.185311610866338,0,2.1091770827770233,8.247317902278155,NA,0.030187292341142813,NA,3.981428952503207
5.314894033378005,0,NA,9.699540128293448,1,3.481162201613188,6.79015202447772,NA,-0.4209026246331632,NA,2.784222899703456
1.2425829296149473,1,NA,2.49737378959544,1,NA,7.532776296138763,NA,10.304106001933105,-3.1462173089385033,-7.241758027083532
5.911078531009474,1,6.5575197115540504,7.604502932219766,1,NA,1.1918696970678866,NA,-0.9059578018309549,NA,19.56738400707708
1.9894512910593178,0,5.279559712857008,2.0098635269328953,1,NA,2.5462712557055056,NA,1.8716939627192914,NA,-9.697558542220102
-3.4522739302060863,0,NA,4.853936074636876,1,NA,5.459728320129216,-7.492621555924416,-0.69438686682377,NA,-4.595242470534629
4.84846684765484,1,NA,2.7853929716395216,0,3.3078381344676018,8.154226860497147,NA,8.114194390997291,NA,-8.473312834033756
2.9974201720769855,0,NA,5.5624178099585695,1,NA,3.7333067599684,NA,0.5875850536627696,-2.1044865921139717,5.9569951699703925
3.411736803406234,0,NA,2.3985850149299948,0,NA,2.5930514652282,NA,6.662203543181532,-1.3597146682441235,-4.166523786274827
5.255188346522571,1,6.449214484542608,8.521540090739727,0,NA,4.5835278276354074,NA,-0.5863178103603423,NA,18.316914153367424
3.7716466956872665,0,6.673883572220802,1.8596257528476419,0,NA,7.577398517169058,NA,3.998651399514638,NA,-2.9837102754492033
4.291535753067398,0,NA,1.5254457029886543,1,NA,1.5822938829660416,-5.628484722226858,-0.8268086809990928,NA,-0.12106612230931635
4.698722126969131,1,NA,3.1682122384756806,1,3.921938993036747,4.115003559272736,NA,0.5267170215630903,NA,4.468308181783303
6.456617898632249,1,6.791965335607529,6.845992023646831,0,NA,4.004706195555627,NA,-0.09958757498301563,NA,21.04735067508868
7.750341315804965,0,NA,2.1284543669177216,1,NA,6.703745326958597,NA,12.00075792211108,-2.5967221446335316,2.9554162968864413
1.0706105764702913,0,5.414342772215605,1.6873283795453609,0,NA,1.42843222245574,NA,5.258949729236774,NA,3.1981339856108377
6.927723225913569,0,5.209214996546507,1.8978402618831023,1,NA,5.846783113665879,NA,10.370371595239266,NA,5.9775702232773815
2.9514329163554063,1,NA,3.361178997461684,1,0.4128694087266922,5.680240734945983,NA,-0.376944471267052,NA,-16.56019526739557
1.6029459749908532,0,NA,6.387423143014312,1,NA,6.390630924142897,-4.947698123753071,0.20631248795427393,NA,-16.562388744551477
4.371148049738677,1,NA,10.686682932423427,1,2.84228228777647,3.2516575162298977,NA,0.7371823963662609,NA,3.6845456211162313
3.030565440277863,0,NA,2.916537460801192,1,1.9243483692407608,1.5202021785080433,NA,5.187066291938536,NA,10.651411767178184
4.017194471639073,1,NA,2.7436547318845985,1,NA,1.7695378069765866,NA,1.883855805406347,-3.2567703053355217,1.5086345829406147
5.727647515435986,0,NA,1.6584626244101672,0,NA,0.21451914450153708,-7.55642082542181,5.114675086112693,NA,-7.421869221471647
2.548294078600056,1,NA,1.3362059026397763,0,NA,6.460780359338969,NA,9.687930963826366,-0.9703477770090103,-20.820185925401088
0.2526910414598973,1,NA,2.9060165730118754,1,NA,5.245103146880865,-7.680311601608992,12.41719480875414,NA,6.1923645390549
4.66721323074322,0,NA,2.0166699557658285,1,NA,9.179030682425946,-4.898259289562702,-0.10142616166267548,NA,9.88381600194374
2.5409315979636986,0,NA,2.779047555318102,1,2.355544038116932,3.095354300457984,NA,5.959696932798251,NA,-14.199766963745201
3.511537488529696,1,NA,2.569940551072359,1,NA,1.0741914063692093,NA,6.263387759914622,-3.466061506420374,-13.007266218481243
7.1025574573205,1,5.324255544692278,9.267852783356794,1,NA,6.859838319942355,NA,-0.4871722079347819,NA,15.279416684778118
-5.874307409912176,1,NA,2.186888990914449,1,NA,5.001732737291604,-7.679021839052439,10.53027675121557,NA,-19.34298037488029
5.511355326761025,1,NA,1.4090130522381514,1,NA,0.2786977938376367,NA,12.508533886643127,-1.3937879242002964,-9.960824096878296
6.152268379256109,1,NA,2.4539843624830247,0,NA,7.723623188212514,-7.620663791894913,5.58576401559636,NA,-20.066440864301995
7.978133393902588,1,6.900871679186821,4.07964474834036,1,NA,9.001801102422178,NA,0.9085727434325963,NA,6.7879509507743565
4.984366243990372,1,6.578442059457302,2.122402614261955,1,NA,8.526972408872098,NA,7.510360722783953,NA,-5.257759900180581
3.2797366787177453,0,NA,1.183520876020193,1,1.1307148151099682,5.975055878516287,NA,5.924026721930131,NA,-7.73458216183916
7.753604311141678,0,4.434047970920801,2.35673307989724,1,NA,3.4919638419523835,NA,4.493950940067879,NA,-2.671559191987604
-1.9909891456477808,1,NA,2.790380366384052,0,3.866497252136469,9.851992919575423,NA,12.828690853826702,NA,11.231252930619078
6.102837423558725,0,NA,1.3804037876566873,1,1.4712247550487518,1.0470187314786017,NA,3.4088110810192305,NA,13.012638289558973
2.0360109595237206,0,NA,1.1509907122841105,0,NA,9.103357184212655,-7.3897352032363415,7.806909656263888,NA,18.79701614799312
-1.536466818849987,0,NA,10.161458209268748,0,NA,3.15595529275015,-5.661838781088591,-0.47600950528867547,NA,-12.35123955597079
1.5968540036640368,1,NA,2.704248514701612,1,3.929316394031048,1.096386769786477,NA,1.6040263105509802,NA,6.018575571820264
3.1217034930196763,1,NA,5.0669168730592355,0,1.969127044081688,0.25507559766992927,NA,0.4610058988630772,NA,-1.017466344080248
4.5255926783216,1,NA,4.110066167437472,1,3.7360302060842514,5.264057400636375,NA,-0.6396508091082796,NA,4.5278513394709945
2.9889700803900046,0,NA,2.6565909564867614,1,NA,1.6743332403711975,NA,-0.38960035191848874,-0.88510437682271,7.451175500321616
3.6972556183510537,1,NA,1.209545450587757,0,0.5634101703763008,6.993147782050073,NA,3.6337886893516407,NA,-7.896719019160329
2.540377578350997,1,NA,2.631966493222863,0,0.8506787903606892,8.266192902810872,NA,2.021169224469922,NA,2.265334737333589
3.808048746816917,0,NA,1.0189536802703514,0,NA,3.211305574513972,-4.619053442031145,5.672346094585955,NA,-9.491824087205543
8.535003680026602,1,NA,2.397660021497868,0,NA,0.9889210457913578,-4.737282741814852,11.224436344597489,NA,-2.4092391295024767
-1.0196352502312946,1,NA,2.290048027657904,1,NA,5.6283754226751626,NA,4.299929855554365,-2.480783212929964,2.4883254874033733
10.426152442614686,1,7.236437197774649,9.768231869339942,0,NA,1.813293567392975,NA,0.33074218540918077,NA,20.888509404731032
4.694675937844901,0,4.07926981151104,3.3436567569989712,1,NA,3.046155176125467,NA,-0.37027645862661307,NA,-8.873156412629898
3.336272675649999,0,NA,1.6293319870531557,0,NA,8.57252380810678,-6.553294572979212,2.5539661891246217,NA,-7.93869412696018
3.554693859937671,0,7.955631919205189,1.2564444242278114,0,NA,1.9764702301472425,NA,7.019742938252166,NA,7.432128976374738
3.04381637728133,1,NA,2.2827132137073205,1,2.643895920366049,9.693205701187253,NA,6.731765156714245,NA,-7.362105162874986
1.9204188194653042,0,NA,1.4219621705869212,1,NA,8.840334401465952,-6.9737058356404305,7.309697713884525,NA,9.63908808267783
2.7974410007546697,1,NA,5.359106630701572,0,NA,6.844861272256821,NA,0.05701132323592906,-2.9676710180938244,-14.987037746114675
3.1475715178983714,1,NA,3.9526657480513676,1,0.7399669401347637,8.7547941156663,NA,-0.877895716605708,NA,11.782249829314168
2.622333601033865,0,NA,5.110502656814642,1,NA,1.114932387135923,NA,0.201167831607163,-1.0393466427922249,3.9038877154068956
-1.7347225932295163,1,NA,4.268664055224508,0,NA,1.6184270032681525,-6.510597143322229,0.05524497045669707,NA,-20.74993483948648
2.259424039920324,0,5.7631411999464035,2.617622926090844,0,NA,5.968873626552522,NA,-0.822406439948827,NA,12.86281060562229
2.2897300356570978,1,NA,2.951128846970387,1,1.2461022958159447,3.0686706118285656,NA,-0.3654224569676444,NA,-4.279202926401323
3.0182737631798884,1,NA,7.270750956088305,0,NA,5.627362274099141,NA,0.028274063933640736,-2.0186738185584545,-12.791406108660922
2.462772325113668,0,NA,1.429717163098976,0,0.7907284498214722,0.727556892670691,NA,2.2824048214033246,NA,-1.1989012258427603
1.3781406966557181,0,NA,1.5138810024224223,0,3.9075171761214733,2.094357144087553,NA,1.7362291830033065,NA,4.6503734113357105
4.269576011080885,1,NA,4.963361810692586,0,2.961042795330286,0.43362870113924146,NA,0.19742810314055537,NA,10.849226549874677
2.593238976806215,1,NA,12.089989146944136,0,0.2991570793092251,9.603514708578587,NA,-0.8603681045165286,NA,2.326633823087729
1.0790575637707411,1,6.47423966601491,1.3363526436546818,1,NA,4.946942594833672,NA,11.139168084212578,NA,1.0707253810056656
5.808472165911753,1,NA,1.3089785009529442,0,NA,7.715622007381171,-7.51434101164341,6.062855482259765,NA,-9.141586474801276
9.218192963624944,0,7.569270096719265,4.646660085069016,0,NA,7.078564097173512,NA,-0.34786057194694875,NA,0.45205852239030797
4.604704961356648,1,NA,2.4419783997675406,1,NA,8.086461562197655,-4.698607496917248,2.4061954681854694,NA,-27.24671484186026
3.706614685925092,0,NA,2.3053175466507674,1,NA,9.918151393067092,NA,6.753881433689967,-2.7451047636568546,15.721145289821859
4.1896227420953425,0,7.433320879936218,2.302784875021316,1,NA,4.527971658390015,NA,7.614690600298345,NA,11.0620882298725
-3.3440717221092955,1,NA,9.243599417791701,0,NA,4.346325411461294,-6.6218465603888035,-0.8779416700126603,NA,15.616042491083327
-1.3828868032426378,0,NA,1.867244005841203,1,NA,8.295752776321024,-5.314387571066618,3.896832975889556,NA,-19.97633406932074
8.091903735830245,0,5.718722429126501,1.407354886191897,0,NA,0.4818883375264704,NA,9.911081560845487,NA,7.567809414562484
2.7262913813262655,1,NA,7.831612722668797,0,NA,3.9216597587801516,NA,0.5645202720165252,-1.8976051472127438,-1.050175338335308
1.1078073351417834,0,NA,1.2639952691178769,0,NA,0.6427771272137761,NA,8.557690368364565,-3.316898185759783,-10.326853270918159
2.9812155654903307,0,NA,2.667746798922308,0,1.3276059851050377,6.5879068383947015,NA,5.107674532360397,NA,9.01350348818078
7.373533273782994,0,5.0246222876012325,2.5917764625232667,1,NA,3.65069993538782,NA,3.7597483728080987,NA,9.355788592011471
3.8426700212240297,1,NA,1.4271390437847002,1,NA,8.474149333778769,-5.5565968118608,0.28855073749087756,NA,-22.69677139533777
3.2844106506186885,1,7.492155771702528,2.5787869684631004,1,NA,0.42537866393104196,NA,0.5808168541034684,NA,9.69405408977374
7.528708531374932,0,NA,1.8585992102278397,0,NA,1.5329356864094734,NA,11.494683435936459,-2.581618495285511,2.5007198901246372
3.8999136348158636,0,NA,4.725150355077348,1,2.698307503014803,1.9668410089798272,NA,0.48191867380868647,NA,15.043668409226258
6.7522669333284115,0,NA,1.20326169133652,0,2.2930133901536465,4.665897551458329,NA,4.073930778419599,NA,20.739369793254976
3.2449730872834195,0,NA,2.433696522247046,1,NA,5.522061288356781,-7.184008847922087,-0.9267212730366736,NA,-5.810621154801215
2.6415494898013243,0,NA,1.3494721834454686,0,NA,9.734226970467716,-7.177414320409298,0.9206651279283686,NA,7.033230743763744
0.7816104865189956,1,NA,3.2892055798880757,1,NA,2.379698590375483,-4.360993206501007,-0.9413348367763683,NA,-14.676067699741983
3.7802434368289917,1,NA,1.7073447797680275,1,0.5308827050030231,9.81311647919938,NA,3.817613823376596,NA,3.6683294918659572
-2.160235975791583,0,4.636668369174004,2.0963909676484764,0,NA,7.434049795847386,NA,11.476309154648334,NA,3.9852211580704253
4.513017791497886,0,NA,1.5920838470803573,1,NA,3.645294071175158,-5.804831136018038,6.802311165514402,NA,-8.184797785299574
3.4138566659871246,1,NA,2.1900150382565338,0,1.0668833181262016,6.762440842576325,NA,10.368825102043338,NA,4.778286653996239
7.047002825257116,1,4.996077511459589,2.540690118423663,1,NA,6.094613596796989,NA,3.4860417622467503,NA,5.987804314778894
5.262552833046342,0,NA,10.50421144596301,0,2.823892593383789,9.723592204973102,NA,0.8087530180206521,NA,-0.09672792533518493
2.9862785341518374,1,NA,7.055257678059861,1,0.622041579335928,4.601509952917695,NA,-0.5131198113178834,NA,-0.9486767953329067
-0.7865074897332576,0,NA,10.17306100265123,1,NA,4.144787995610386,-5.315716784447432,0.4731199814658611,NA,-0.2579747822596534
1.3273826406752671,1,NA,1.5187463235901668,1,NA,5.787822720594704,NA,8.388885701550171,-3.4448936507105827,-1.4825723420682686
3.194135487396842,1,NA,6.739867888740264,1,1.4473627880215645,9.166059559211135,NA,0.26032987626269466,NA,1.1556987903786435
4.214060042745539,0,NA,2.659322658125311,0,NA,0.15848364448174834,-4.896873157471418,1.0484767473954708,NA,-1.2974978393195356
0.45630426117632433,0,NA,1.1435198659962045,0,NA,0.029490224551409483,-6.053527910262346,4.618123063147068,NA,-1.3177972308744428
2.1694015704064036,1,NA,1.3916792451310904,1,NA,6.822866597212851,NA,10.601631236821413,-1.6265001110732555,-5.175281854968956
-1.8551086650618709,1,NA,9.207410413008184,1,NA,5.548915120307356,-5.845202691853046,-0.9616026440542191,NA,-7.042170467868749
3.423890047635218,1,NA,1.5176934622135012,1,NA,0.018709064461290836,NA,6.531293146661483,-3.4439904503524303,-2.353997610813364
2.39177910336203,1,NA,2.1428674378804864,1,0.22927509620785713,2.246635982301086,NA,11.308330040713772,NA,-0.38051672194752506
3.4242522034279523,1,NA,1.2862178090540692,0,0.4889214336872101,5.634696097113192,NA,7.946131791882217,NA,-1.4859783282720476
8.767116878675939,1,7.376646284013987,3.093132389308885,0,NA,1.4759437669999897,NA,0.42858775096479795,NA,8.444968401947891
2.1427754023000505,0,NA,9.987759029087611,0,NA,0.7436828245408833,NA,0.3859490612056107,-1.096027858555317,8.874518965117849
5.739353023061583,1,5.844555843621492,6.465469578467309,1,NA,0.4202253231778741,NA,0.9406457348261028,NA,16.267461859897566
-4.932296322257043,0,NA,2.75460243485868,0,NA,0.7215355499647558,-7.43615110591054,10.855158904748968,NA,-25.07843314235591
3.2261754024703846,0,NA,12.342152350293473,0,2.9154891036450863,1.0571077140048146,NA,-0.9074550689477473,NA,5.632629604390129
8.138212565438488,1,NA,2.114948373362422,1,NA,5.502614702563733,NA,11.283415267132222,-3.2075322456657887,-12.343914364802517
8.3318537916701,1,NA,2.35177163971588,0,NA,5.137140620499849,NA,12.461216554488056,-3.866297673434019,-4.463072511345257
8.14375143620447,0,7.518932346254587,6.311225495813415,1,NA,8.039480759762228,NA,0.4336856826441362,NA,20.65003483864095
3.512401336534792,1,7.371981240808964,1.3423798556486144,1,NA,0.9918892616406083,NA,0.1408136528357864,NA,5.304723773837363
0.6043601352181909,0,NA,1.54916006419342,0,NA,5.395221104845405,-5.490821048617363,7.700744723365642,NA,-29.68442517468491
3.4944648586893936,1,NA,1.1607358513725923,0,NA,1.4057936542667449,NA,2.91236441698391,-1.6556314937770367,4.577452961011225
-2.72504730083048,1,NA,9.500658914907836,0,NA,9.893969509284943,-6.485890533775091,-0.5760335866967217,NA,-11.81046259450725
2.95431227447916,0,NA,12.431992436447182,1,2.60679042711854,4.004515432752669,NA,-0.18097011133097107,NA,-9.416324507250117
4.349030563311425,1,NA,2.556618332420476,1,NA,5.190179883502424,-5.302362579852343,-0.17122374043799937,NA,4.04526303257987
4.4617015493480485,0,NA,2.736102747851983,0,0.9088622108101845,9.06458831159398,NA,4.711212605750188,NA,4.701663406588059
2.9780867128046276,0,NA,9.644230852755719,1,0.01681474968791008,1.9230092247016728,NA,0.4583677553571761,NA,4.31861883033133
6.954942724891338,1,6.0262224562466145,3.3630333265289662,0,NA,3.1710706488229334,NA,-0.17209899745881563,NA,8.432202502302912
2.679652256994057,1,NA,1.68926635007374,1,NA,9.488230706192553,NA,8.6290389088541275,-0.3989606723189354,-0.8211339282331358
2.9138554205807368,1,NA,8.027737343851477,1,0.7647158950567245,2.6120275002904236,NA,-0.23344672889448703,NA,-3.4467399156748977
-2.0314809067160553,1,NA,4.528759858207777,0,NA,3.6525244871154428,-6.557917181402445,-0.7450636294763535,NA,-4.085522832798046
-1.343191868031432,1,NA,2.410607814919204,1,NA,3.240310645196587,-5.420977037400007,10.508056065901183,NA,-17.596942767895428
6.441385603259064,1,5.985881317406893,1.9538448048476131,0,NA,4.995792519766837,NA,4.339179843324237,NA,23.309954459524583
2.583228561895462,0,NA,12.366751432023012,1,NA,8.489583770278841,-4.833489324897528,-0.6080494729802013,NA,-13.574791847285038
4.08723050902472,0,NA,2.957360654221848,0,1.9604988023638725,3.9710364094935358,NA,10.565232897652313,NA,-14.557079182687072
10.516260471928511,1,7.204455405473709,10.531193116945214,0,NA,3.4118125564418733,NA,-0.20284380027092996,NA,-8.061278053111904
2.9582167498316214,0,NA,3.1649767910363154,0,NA,4.749784853775054,NA,0.4098050066269934,-1.2266941517591476,13.40489114514465
5.188592275980755,0,NA,2.3768755008187146,1,3.8057494461536407,3.252424623351544,NA,7.844919194784016,NA,0.08034506384437368
3.4816644026791996,1,NA,7.943849093122408,0,3.771762143820524,6.908778534270823,NA,0.7958221015194431,NA,10.01179910567195
2.507559267301504,0,6.877183843404055,2.4500943432655182,1,NA,5.566460487898439,NA,1.9760198248829692,NA,13.050730516605837
3.9474362640498635,0,NA,1.0249344031699001,1,NA,5.734314057044685,-5.968378886580467,2.5001111007388683,NA,0.549691551671331
4.024087657123585,0,NA,2.518551065050997,0,NA,8.011357779614627,-6.363369088619947,1.3803847970301286,NA,-18.542537082990687
6.3101493482742415,1,NA,2.1222254377184435,0,NA,7.949348173569888,NA,11.589551734649577,-1.4194385297596455,2.4977034613520184
10.198927873289826,0,7.233485329896212,10.261888070218266,0,NA,9.6423408575356,NA,0.10215730401221657,NA,-4.010376561052585
3.3473485448719518,0,NA,2.7992856342485175,1,0.9459956809878349,5.218599170912057,NA,7.07232157568913,NA,-9.067422561419882
4.053597549891834,0,NA,1.665066141113639,0,NA,8.30173511756584,-5.787528894841671,6.491210758709348,NA,-13.302852045595994
1.9057893082394763,0,NA,2.0073408517288045,1,2.387323446571827,3.7464451557025313,NA,2.5631064296886326,NA,12.50585816247935
-0.1952769117448771,0,NA,2.8522444009268657,1,NA,2.4465883057564497,-7.84398140758276,12.172105415104888,NA,-13.470870904886201
0.8542682031216513,0,NA,8.32361003418453,1,NA,9.747810054104775,-5.990648970007896,0.6514418583596124,NA,6.4863629706105534
2.923001540474828,0,NA,2.7373700796673077,0,0.475708931684494,6.1840064730495214,NA,6.795625107767991,NA,-3.0495395232691243
4.143814375310119,1,NA,1.4516877501504495,1,NA,1.1570719094015658,NA,0.3538979440229013,-2.1964052505791187,9.490780056710186
2.8898934274762804,1,NA,1.3278183006122708,1,NA,3.551529715768993,NA,9.552052769870498,-0.3548534996807575,11.521257285030059
5.709116838096697,1,NA,2.257550083999522,1,1.405827321112156,3.744215441402048,NA,3.051273654457182,NA,2.8969650689994673
2.9222990054223787,0,NA,8.914609760995955,0,1.1457146182656288,7.80413000844419,NA,0.22624306524172422,NA,-9.605704030079128
2.8435747837303813,0,NA,6.367504158150405,0,1.5262880325317383,0.22940751165151596,NA,-0.21471849559340628,NA,-7.782101557598299
6.689137711494795,0,4.696900609880686,2.535106499879621,1,NA,8.418288356624544,NA,9.584653139547445,NA,9.958644899978559
1.700153402815682,0,7.1359374187886715,2.748496090490371,1,NA,9.315362351480871,NA,4.428723474428989,NA,11.673769019511097
2.95316874893666,0,NA,7.797085320260376,1,NA,7.346915847156197,NA,0.3865553372120485,-1.7158049494028091,2.8813664061218347
2.272271097954197,0,5.425912611186504,2.767173180854879,1,NA,4.787353808060288,NA,0.7480040348460897,NA,14.841720512447045
0.8198316784691883,1,NA,2.1876583482464778,0,NA,2.665240131318569,NA,8.339119716328568,-3.895524527877569,-0.950520413943925
3.287592508289686,1,NA,12.512709257612006,0,0.7758247666060925,9.153472995385528,NA,0.10019401925615967,NA,-14.47271306635594
2.0382236423282754,1,NA,1.8666290196124464,1,1.8791158683598042,4.6207749168388546,NA,-0.945113285947591,NA,-25.56485798099251
3.0560646694999716,0,NA,5.8729864354245365,0,1.5320849418640137,1.9078919244930148,NA,0.7410088485712185,NA,6.785364586553469
-0.24383491317598777,0,NA,1.5942838955391199,0,NA,0.4563072300516069,NA,4.652747834352777,-1.7899199612438679,6.8122278752688
3.359777684209059,1,NA,8.082362342313864,0,NA,8.437421231064945,NA,-0.2811467691510916,-1.7380605563521385,2.540715293196567
-1.596323843238629,1,NA,3.3417457501729952,0,NA,6.874913536012173,-6.349518645554781,0.7086472378252073,NA,-5.791518208607333
4.908803010945013,0,NA,2.173469451870769,1,3.54223895072937,7.251100712455809,NA,10.625953961922788,NA,1.8470059113870136
2.921515350551669,0,NA,5.224169755736366,1,NA,2.026955969631672,NA,-0.3151108547346666,-1.516145695000887,-19.511510003828
1.0894772823065682,1,NA,1.7074391483468934,1,NA,9.820079139899462,-6.142048843204975,8.421963126240298,NA,-0.27396654672376997
5.279286658243264,1,NA,10.1979999112105,0,3.2902217991650105,4.590541231445968,NA,0.9582074810843915,NA,11.352412867621972
1.933998378298673,0,NA,2.3539485309878367,1,NA,3.406369579024613,NA,10.975011870423332,-2.314275536686182,9.434478978891175
-1.187057479940349,0,NA,9.595541473878548,0,NA,7.157673418987542,-5.181430917233229,-0.9312558805150911,NA,-3.86629711032392
3.2487246129687377,1,NA,12.508232420934364,1,NA,6.496431690175086,NA,0.762109131636098,-2.4123875722289085,1.4372539104962305
2.134137259240001,0,5.352709103375673,1.890127916452475,0,NA,8.097206959500909,NA,0.21828513478394607,NA,7.511086331756081
3.7473378732461735,1,NA,2.5995082213217393,0,NA,2.254482451826334,NA,0.7567111532203854,-2.6941359527409077,15.197961780132161
2.4540129194926923,0,NA,1.5446863706456497,1,1.1936070211231709,9.993481782730669,NA,1.5617389450781047,NA,2.2346490027524286
-2.0098086615983974,1,NA,2.227875497546047,0,2.6170325726270676,8.240396899636835,NA,11.887325226087123,NA,-1.7721737786257572
2.9538382973299875,0,NA,1.1536813291860746,1,0.018941789865493774,7.578919567167759,NA,8.986155927274377,NA,-6.364497014534399
2.4246029669376004,1,NA,1.860029725250788,1,NA,4.201692133210599,NA,7.397944509796798,-0.5155529007315636,3.0471481233888333
4.858524933513079,0,NA,1.4585359017504378,0,0.9463168494403362,2.0630955579690635,NA,4.43586467425339,NA,-8.76294774166239
-0.6211586172478539,0,NA,10.4806745120883,1,NA,8.13380274688825,-5.0226565934717655,0.3361309377383441,NA,-17.514154038750522
2.6583185594001466,0,NA,7.724047218845226,0,NA,6.008874350227416,NA,0.5656882020039484,-1.9670974910259247,8.340146252092888
5.003367938788567,1,5.974399883300066,1.1111310218600556,1,NA,0.3640300058759749,NA,7.857911590868607,NA,15.387654255299953
5.270750473955439,0,4.8308414965868,2.9378883538441736,1,NA,3.5337118129245937,NA,8.780971023561433,NA,-2.290724105529085
4.7282178630066065,1,6.134609956294298,1.3999007167480886,0,NA,8.827558639459312,NA,8.601569535955786,NA,4.132729451146528
3.726908124407284,0,NA,2.764355690856464,1,NA,7.546386765316129,-6.394352495670319,-0.39388383355457335,NA,-16.978263908268033
3.5476104879048833,1,NA,1.5850776971923186,1,NA,4.136546226218343,NA,6.975371180232615,-3.8814617060124874,7.92339352866496
3.3513383899846776,1,NA,2.567473977371119,0,0.030499614775180817,8.602784518152475,NA,4.619722903803922,NA,-12.472838410341074
2.577852049833862,1,NA,3.4480610005604104,0,NA,5.188134093768895,NA,-0.35141957966610793,-0.6046864353120327,-5.9163725522257256
2.1467655236696905,0,6.211742993444204,1.027085832231678,1,NA,7.556034359149635,NA,2.5171287725074216,NA,1.4070714030663876
2.538301167162994,1,NA,7.963675624420866,1,2.147821508347988,5.301766037009656,NA,0.747957143294625,NA,23.754498501700372
4.323162115757488,0,NA,1.5067907468415798,0,NA,2.216639039106667,NA,1.965193380890414,-3.513982366770506,4.434109009161719
0.717541350414285,0,NA,9.759893651977182,1,NA,9.993621015455574,NA,0.7782396257249637,-3.5665664672851562,1.5192023414829245
-0.04223395241032267,1,NA,5.931647092318162,0,NA,0.5580388125963509,-6.225906364619732,-0.3085780045157298,NA,-1.8070937550468331
5.846009126726713,0,5.161728993058205,3.1499695601919666,1,NA,6.518820787314326,NA,0.031320788506418396,NA,8.72828439561138
3.2065179082496296,0,NA,2.7691683542262764,1,NA,3.383577715139836,-6.953984539955854,2.2723902513599024,NA,-18.926414696880283
2.5026419825837793,1,NA,6.495096448170953,0,NA,4.220559233799577,NA,-0.9689276127889752,-0.2412240095436573,-16.314826690883343
3.373972982314987,1,NA,6.520502819158137,1,2.8161979392170906,2.3890256392769516,NA,0.73434185475111,NA,-7.867298116502695
3.7745702566943904,0,NA,2.4718831179104743,1,NA,5.199860797729343,-6.0435581132769585,2.665396799012087,NA,-18.878480358795414
0.7920933565187875,0,NA,10.746773197543806,0,NA,4.186868572141975,NA,-0.3561291185952723,-2.9633200019598007,3.569693274900306
0.6552907767630229,1,NA,10.548845360726117,1,NA,9.69192064832896,NA,-0.16649273943621667,-3.19979789480567,-13.143670114597326
2.7481655708085655,1,NA,1.2565152898663654,1,0.6212151795625687,9.91093575488776,NA,9.4344581586821,NA,-6.656698325654963
3.4983417120912215,1,NA,8.932086721579545,0,NA,7.675017532892525,NA,0.71618635521736,-1.2189586386084557,5.949359460953352
5.62930425538601,0,6.005746081471443,2.982225879942998,1,NA,1.4119526580907404,NA,3.4562434034142644,NA,3.486552638407008
-3.3261031127068237,1,NA,1.3446773254591973,0,NA,8.67520269472152,-6.558197569102049,9.547702808133327,NA,-1.490967841192604
5.028297697293401,0,6.3716250993311405,2.2561343128280713,1,NA,6.376167179550976,NA,7.615054131527431,NA,-5.442355520917305
1.478399843409977,0,NA,2.9799883416621014,1,NA,3.1780554656870663,-7.140527047216892,8.583032134156674,NA,-14.080534143615157
3.8592964529786307,0,NA,2.439291867366992,0,NA,2.000832259654999,-6.462202358990908,2.312698921612464,NA,-10.513099812711578
2.1655689289265707,0,NA,3.9991646871902047,0,NA,2.428842259105295,NA,0.0017550590867176918,-2.3750983476638794,-9.963549658155337
7.996544399145168,1,NA,2.0613963628187775,1,NA,5.7447208859957755,NA,11.115902103069239,-3.2017099857330322,-25.206262115958747
3.9331245881508217,0,4.449427381157875,6.0147253776574505,1,NA,0.9254852333106101,NA,0.6006733829760924,NA,0.44271534655710987
1.9888728762886767,1,NA,3.2154907093197105,0,NA,8.8626658776775,NA,0.888214064296335,-2.084000840783119,-8.70998384473354
2.204558734884657,0,NA,2.889022623621859,1,2.8039576150476933,2.5982027361169457,NA,6.38757136062719,NA,9.271942320714333
4.400573365261107,1,NA,1.1103586933529006,0,NA,7.539860534016043,-5.123786523938179,-0.3372894858196378,NA,-10.14207299398555
3.42810162480672,0,NA,2.049364863210358,1,NA,3.216724949888885,-6.920062273740768,0.414636289975606,NA,3.4307043416121488
2.513905876626003,0,NA,1.3445270637515931,1,NA,9.341596108861268,NA,9.840651051234454,-0.7392466440796852,5.465544469345694
3.117918744552858,0,NA,2.7086899471422656,1,NA,4.221143019385636,-6.570587106049061,0.6846720867371185,NA,-6.937256080693036
3.780609106729416,0,NA,5.910028591593727,1,3.5428770557045937,1.2193768052384257,NA,-0.05648697836324568,NA,12.491142686914007
3.1009370465335486,1,NA,8.227840551086702,0,NA,8.336338065564632,NA,0.5567272793501616,-0.468598909676075,0.8466425367286305
3.1081544284081946,1,NA,10.35854161137715,0,0.963356751948595,2.815755552146584,NA,0.30129676484037193,NA,2.0487729750723878
4.82150864445822,1,NA,2.7106982812751084,1,NA,3.638421662617475,NA,0.4131551266741007,-3.648435030132532,-25.260039731553746
0.6060970270384424,1,7.044786188751459,1.0828388565778733,1,NA,4.22733057057485,NA,6.902995820520446,NA,5.820101129154927
2.6878274492599106,0,NA,2.2347246472211557,1,1.093785859644413,6.095061011146754,NA,-0.913554560020566,NA,0.5103349488833903
-2.5574269366559967,1,NA,1.359243292310275,0,NA,7.994982395321131,-6.07958859950304,9.82130939036142,NA,-16.36083869178962
-6.0407876668643485,1,NA,9.443587810429744,0,NA,3.8344190013594925,-7.967240154743195,-0.1705369720933959,NA,1.5795949791621773
4.070750026431446,0,NA,10.642566354339943,1,2.0052315331995487,3.160145664587617,NA,0.9579152230219916,NA,2.1663272208760582
3.0762552892063315,1,NA,1.176290739174001,1,NA,7.244213398080319,NA,6.709170706789009,-1.8673610724508762,0.6076510429752715
0.1840091211756194,0,7.47182035073638,2.7252589751547203,1,NA,3.8607224822044373,NA,5.280692574447021,NA,13.512564515848032
4.608393419554408,1,NA,2.092817934784107,1,NA,1.0004820697940886,-5.702913228422403,6.930390141857788,NA,-34.05497440922567
3.5979162219388994,0,NA,1.9773681197222324,0,NA,4.778359280899167,NA,0.008667622259817986,-1.6931857988238335,3.2187398049460496
1.9424835239836098,1,NA,1.910341835510917,1,3.481601532548666,2.903501207474619,NA,-0.44521337513811887,NA,13.723630305152586
8.09234864749131,0,NA,2.966359137231484,0,NA,9.466710253618658,NA,12.233834284460173,-3.86591624468565,-3.441117959636381
3.0919290801365276,0,NA,8.29978376547806,1,NA,5.061347547452897,NA,0.2449745195824653,-0.07907174900174141,0.7283722694933898
4.288220347337626,1,7.366956111043692,2.271120854704641,1,NA,5.011144406162202,NA,8.456449479409493,NA,9.03638360346654
-2.521241987795386,0,NA,5.795927233644761,0,NA,0.5298962094821036,-7.857385780662298,0.6931093173008411,NA,-15.592498645884309
4.602688299838499,1,5.656964551657438,7.698510774928145,1,NA,2.878067158162594,NA,0.027367766546085415,NA,-0.7409912007386614
1.792857344849436,1,NA,1.5435902969958262,1,NA,0.6816945364698768,NA,7.18144048132468,-1.9129527062177658,-3.729593723867815
8.28499508205894,1,7.658823534846306,6.641530009377748,0,NA,2.3841838957741857,NA,-0.7232321067899465,NA,11.637706540029248
0.803407690505558,0,NA,10.41258429132402,0,NA,3.6133781750686467,NA,-0.7426562759745866,-2.9779657758772373,-1.1683955588144272
5.0001700411714785,1,4.751724369823933,6.201774920825846,1,NA,0.3988813213072717,NA,0.3358584037609398,NA,5.091156604878625
1.7109767782811025,1,NA,1.2454306638939308,0,3.508978459984064,0.7364498497918248,NA,0.7590477918321266,NA,11.296907196965577
3.8348127591967254,0,NA,2.4253130651125687,1,1.681087862700224,3.9080467307940125,NA,8.626810606801882,NA,-8.037774994618069
-1.1503486071589155,0,NA,1.5488642854383214,1,NA,4.990216551814228,-5.243945989757776,9.845327894329094,NA,-13.070708014669036
2.60797484361021,0,NA,5.762939252159558,1,NA,6.954948285128921,NA,-0.3210611974261701,-0.5047918260097504,-8.358268376788988
8.31778665278554,0,NA,1.7355198000743985,0,NA,3.285956287290901,-4.4334495812654495,12.691131104752422,NA,8.445118609044616
-2.2993633427403743,0,NA,2.4590617932844907,0,NA,2.110778095666319,-5.840520910918713,9.03133989162743,NA,-17.202407391325256
0.7281362486500589,1,NA,1.2199524905066936,0,NA,1.4831154886633158,-6.317929044365883,3.52243125888519,NA,-1.3684442383223336
6.389440397649509,0,6.644323654472828,6.292221891973168,1,NA,3.7170290388166904,NA,0.4848135443637147,NA,-7.4197218163284475
5.681756311748962,0,5.706716749817133,6.521899586794898,0,NA,1.3666340010240674,NA,0.8429243201343342,NA,4.763748320013066
1.9288604930348756,1,4.543738596141338,1.4430388741847127,1,NA,4.74559978581965,NA,5.5675628318823875,NA,-9.719080536177211
2.5776178170149437,0,NA,2.043069123830646,1,1.1896549090743065,6.74018484307453,NA,0.6035918864747509,NA,-8.115263292027876
1.5722916239548028,0,4.0361577942967415,2.5060414971411227,1,NA,6.324969895649701,NA,1.6937844452867283,NA,2.4659821926044803
6.638783184962681,0,4.8772983476519585,9.279094027369283,0,NA,5.78730734763667,NA,0.41557765921577805,NA,16.825073382113246
1.8088611921155888,1,4.514692161232233,1.241566725554876,1,NA,8.117553824558854,NA,2.22061313140206,NA,-5.8056389109602815
2.194367071044848,1,NA,4.005240676705726,1,NA,9.611452990211546,NA,-0.3377757065277547,-2.40009730681777,-8.204351496948634
0.9423183890803077,1,NA,1.1646674868650735,1,NA,0.08668631315231323,NA,7.660530935251154,-3.7693065851926804,0.9938781448560929
3.8417467114450483,0,NA,1.6765536376880483,0,NA,1.9350179261527956,NA,-0.05551835268270222,-2.3511793576180935,-4.339267372012261
2.6920239595180844,0,NA,8.910809932271949,1,1.7080799080431461,6.3502505561336875,NA,0.31236412941478187,NA,-2.712498905205945
3.0087049958221757,1,NA,2.4711913236929104,0,0.021634917706251144,9.555165437050164,NA,-0.026988439452834467,NA,12.400275415591702
4.50334237156849,0,NA,10.905689091887325,0,2.981619480997324,7.910308551508933,NA,-0.9538555849716067,NA,20.175064470180946
4.567160613603655,1,NA,2.3507635036297145,0,NA,3.810554624069482,NA,0.20024859704542908,-3.635311245918274,-12.467189588296712
2.8571263816226824,0,NA,11.995526562309824,0,2.1771647818386555,6.891831490211189,NA,-0.6944446403905749,NA,5.430349782949529
5.150671724774131,0,NA,10.170402189539745,0,3.619635608047247,4.507676148787141,NA,0.8175763160269707,NA,10.715872052166082
2.352322521024341,0,NA,1.7943364083953202,1,1.3704666458070278,8.889375810977072,NA,1.2860830223513768,NA,7.48225185577496
1.0496511600780862,1,NA,2.43479888999369,1,NA,8.77870015334338,NA,7.628804192021489,-3.437134500592947,-7.147875752174976
4.5296611627378605,0,NA,2.2747018080903216,0,NA,4.213918035384268,-5.11067671328783,5.19934360477142,NA,-10.494962874131591
2.3609469411394097,1,NA,4.635513677555137,0,NA,1.8993094633333385,NA,0.755549820670858,-2.3270507864654064,5.977427373322886
0.5135335467510347,0,NA,1.4912904530577362,0,NA,5.3583840280771255,-6.026255294680595,4.0983115965640176,NA,-0.26104288746855087
3.105377461932997,1,NA,2.012763096047565,0,NA,4.3276832974515855,-6.845528107136488,2.818037277366966,NA,-11.31986008573518
3.1906817925774744,1,NA,8.877715694280342,0,NA,8.554680582601577,NA,-0.2873168215993792,-1.9071838147938251,16.067236220196026
3.210284450772219,0,NA,2.4583586283866317,0,NA,5.69507347419858,NA,0.5798208516603336,-0.7290322855114937,6.09795729333951
-0.10084358470877298,1,7.6102857403457165,2.07928456492722,1,NA,8.812776969280094,NA,4.494590961155482,NA,9.82091396833103
4.469285981911891,0,NA,2.7270925497915597,0,2.0822943598031998,4.096551400143653,NA,7.9042317238124085,NA,-0.24346702219076377
2.557767351184246,0,7.0214535407722,1.8027892849966882,1,NA,4.654645067639649,NA,4.818363907937892,NA,19.5736031536313
-1.3359012648829771,0,NA,2.0545289979269725,0,NA,9.321528924629092,NA,4.879252920821309,-2.5939521305263042,12.96043458929355
1.7106659415909982,1,NA,2.7720939880842344,1,NA,5.416950075887144,NA,7.890856143408455,-2.188391502946615,-16.421392221251878
4.077989830283043,1,6.476392090320587,1.205279617132619,1,NA,0.49670443404465914,NA,4.89358243745286,NA,19.95636072423636
6.48205632426941,0,5.471697151660919,2.6006940507376566,0,NA,0.09032635018229485,NA,3.3520855428790672,NA,19.67308696456886
3.933906933672382,0,NA,2.7485604389058427,1,NA,8.480342561379075,-5.064570933580399,6.333619168521836,NA,3.9917693160395586
3.5681613266140584,1,NA,1.7026067272387446,1,NA,4.4728170381858945,NA,6.409751924704761,-3.7635542787611485,-9.661053299341388
